{"mass_min": -1.6989482901547737, "mass_max": 4.033671628242037, "semi_axis_min": -1.976706376963395, "semi_axis_max": 1.5680138921727917, "ecc_min": 0.0, "ecc_max": 0.9332, "inc_min": 0.10426596951414126, "inc_max": 3.073385186421855}